6109776c-c4cc-11ec-8e3c-00d861087345.jpg,"['MH20cs 1940,']"
7bda32bc-c4cc-11ec-b423-00d861087345.jpg,['MH 20cS 1941']
bcff8824-c4cc-11ec-93ce-00d861087345.jpg,['AHIZ DE1433']
be5e9150-c4cc-11ec-b965-00d861087345.jpg,['MHIZ DE1433']
bfc4203b-c4cc-11ec-944a-00d861087345.jpg,['IHIZ DE1433']
c12c72bc-c4cc-11ec-8fba-00d861087345.jpg,['IHI2 DE1433']
c2984b0e-c4cc-11ec-bd4b-00d861087345.jpg,['IHI2 DE1433]']
0a275fb4-c4cd-11ec-8864-00d861087345.jpg,['HR 26 DA 04741']
0b848e81-c4cd-11ec-81d9-00d861087345.jpg,['HR 26 DA 0471/']
475c344e-c4cd-11ec-b4ea-00d861087345.jpg,['3 CAY 9324']
5ba78a43-c4cd-11ec-8cf3-00d861087345.jpg,['DLAchL9374']
5e88a3d0-c4cd-11ec-84a9-00d861087345.jpg,['DL 3 CAY 9324']
6999e084-c4cd-11ec-a994-00d861087345.jpg,['GJW-1.15-4.1138 |']
6af8e886-c4cd-11ec-b957-00d861087345.jpg,['GJW-1.15-4.1138']
805af1cb-c4cd-11ec-9127-00d861087345.jpg,['HRSLX9099']
81baa9b7-c4cd-11ec-8f0b-00d861087345.jpg,['HRSLY 9099']
8680ccb6-c4cd-11ec-bd23-00d861087345.jpg,['HHILEU3498']
892744b2-c4cd-11ec-a997-00d861087345.jpg,['HH14EU3498']
8bbee183-c4cd-11ec-8308-00d861087345.jpg,['HH14EU3498']
8d16d45c-c4cd-11ec-8376-00d861087345.jpg,['HH1LEU3498']
8e6f2682-c4cd-11ec-b1d9-00d861087345.jpg,['HHILEU3L98']
8fd367c5-c4cd-11ec-a2c4-00d861087345.jpg,['HH1LEU3498']
91350344-c4cd-11ec-add7-00d861087345.jpg,['HH1LEU3498']
994b82a2-c4cd-11ec-87a4-00d861087345.jpg,['K404HN3622']
9aa1607e-c4cd-11ec-b19d-00d861087345.jpg,['K404HN3622']
70f3d182-c72d-11ec-ae10-00d861087345.jpg,['GJW-115-A.1138']
72751519-c72d-11ec-add6-00d861087345.jpg,['GJw-1.15-4-1138']
76b5d773-c72d-11ec-aef2-00d861087345.jpg,['GJW-1.15-4.1138]']
