3014bafc-c4cb-11ec-b5eb-00d861087345.jpg,['dAsgycL']
32be4d9f-c4cb-11ec-a3ea-00d861087345.jpg,['DAsgyCL']
3566ae44-c4cb-11ec-8c88-00d861087345.jpg,['DA5gYCL']
3aa6f68a-c4cb-11ec-a98e-00d861087345.jpg,['DA59YCL']
e0cb9c69-c521-11ec-b063-00d861087345.jpg,['MH12D']
c5a294cd-c522-11ec-8c52-00d861087345.jpg,['GJW:1.15.4.1138']
c70079d6-c522-11ec-93a9-00d861087345.jpg,['GJW.1.15.4.1138']
c8643684-c522-11ec-bfc7-00d861087345.jpg,['GJW:1.15.4.1138']
cb22e4b3-c522-11ec-850c-00d861087345.jpg,['GJW-1.15-4.1138']
d0520c82-c522-11ec-8a8a-00d861087345.jpg,['HH14EU3498']
d1c8d6a6-c522-11ec-b43a-00d861087345.jpg,['MHI4EU3498']
d34e9112-c522-11ec-992a-00d861087345.jpg,['HH14EU3498']
d4d059d0-c522-11ec-84d1-00d861087345.jpg,['HH14EU3498']
d6501af3-c522-11ec-9ca4-00d861087345.jpg,['HH1LEU3498']
649d1cec-c533-11ec-9606-00d861087345.jpg,['DAS9YCL']
65fdab77-c533-11ec-9aa1-00d861087345.jpg,['DA59YCL']
675c5d6f-c533-11ec-bcae-00d861087345.jpg,['DA59YCL']
68be8bba-c533-11ec-9e13-00d861087345.jpg,['DA5gYCL']
6a1874b7-c533-11ec-8150-00d861087345.jpg,['DAsgYCL']
6b75b3b7-c533-11ec-ab36-00d861087345.jpg,['DAs59YCL']
6d156d41-c533-11ec-bdde-00d861087345.jpg,['DAs9YCL']
6eb31ef6-c533-11ec-bf2e-00d861087345.jpg,['DA59YCL']
7061da2c-c533-11ec-9268-00d861087345.jpg,['DA59YCL']
76310408-c533-11ec-9382-00d861087345.jpg,['DAs9YCL']
788d70ff-c533-11ec-95c4-00d861087345.jpg,['DAs9YCL']
f371ea40-c6e1-11ec-b370-00d861087345.jpg,['dAsgycL']
f50f99c8-c6e1-11ec-bc92-00d861087345.jpg,['dAsgycL']
f68371c1-c6e1-11ec-ba4c-00d861087345.jpg,['DAsgyCL']
f7e50d69-c6e1-11ec-a50a-00d861087345.jpg,['DAsgyCL']
f946b920-c6e1-11ec-a7b8-00d861087345.jpg,['DAs9YCL']
faa52dcc-c6e1-11ec-afa6-00d861087345.jpg,['DA5gYCL']
fd654b20-c6e1-11ec-8a90-00d861087345.jpg,['DAS9YCL']
fec95abf-c6e1-11ec-996f-00d861087345.jpg,['DA59YCL']
01768b21-c6e2-11ec-a56f-00d861087345.jpg,['DA5gYCL']
0439517e-c6e2-11ec-8df9-00d861087345.jpg,['DAs59YCL']
05ab5126-c6e2-11ec-b40b-00d861087345.jpg,['DAs9YCL']
07197145-c6e2-11ec-a688-00d861087345.jpg,['DA59YCL']
0890774e-c6e2-11ec-90ea-00d861087345.jpg,['DA59YCL']
0a0acaa3-c6e2-11ec-95e8-00d861087345.jpg,['DAs9YCL']
18526549-c72b-11ec-aa9c-00d861087345.jpg,['GJW-+15-4-11381']
